material_ID,Materialkategorie,UUID-Nummer,material_name,ID-Nummer Entsorgung,Entsorgung,Rohdichte (kg/m3),Bezug,Total (UBP) ,Herstellung (UBP) ,Entsorgung (UBP) ,Primärenergie Gesamt Total (kWh oil-eq) ,Primärenergie Gesamt Herstellung (kWh oil-eq),Primärenergie Gesamt Herstellung energetisch genutzt (kWh oil-eq),Primärenergie Gesamt Herstellung stofflich genutzt (kWh oil-eq),Primärenergie Gesamt Entsorgung (kWh oil-eq),Primärenergie erneuerbar Total (kWh oil-eq),Primärenergie erneuerbar Herstellung Total (kwh oil-eq),Primärenergie erneuerbar Herstellung energetisch genutzt (kWh oil-eq),Primärenergie erneuerbar Herstellung stofflich genutzt (kWh oil-eq),Primärenergie Entsorgung (kWh oil-eq),Primärenergie nicht erneuerbar Total (kWh oil-eq),Primärenergie nicht erneuerbar Herstellung Total (kWh oil-eq),Primärenergie nicht erneuerbar Herstellung energetisch genutzt (kWh oil-eq),Primärenergie nicht erneuerbar Herstellung stofflich genutzt (kWh oil-eq),Primärenergie nicht erneuerbar Entsorgung (kWh oil-eq),Treibhausgasemissionen Total (kg CO2-eq),Treibhausgasemissionen Herstellung (kg CO2-eq),Treibhausgasemissionen Entsorgung (kg CO2-eq),Biogener Kohlenstoff im Produkt enthalten (kg C),Kommentar
0.001,,1C0034A0-2E93-4622-AB2F-B6C7BDC0A9A4,"Baugrubensicherung, Bohrpfahlwand, gespriesst",91.074,"Entsorgung, Baugrubensicherung, Bohrpfahlwand, gespriesst",,m2,,,,,,,,,,,,,,,,,,,,,,0,"siehe oben Position 00.001. Die publizierten Umweltkennwerte waren für diese Position um ca. 7 % zu hoch.
voir ci-dessus position 00.001. Les caractéristiques environnementales publiées étaient trop élevées d'environ 7 % pour cette position."
0.002,,EE35298F-D4F1-4FBF-8F21-914AC601204F,"Baugrubensicherung, Bohrpfahlwand, unverankert",91.075,"Entsorgung, Baugrubensicherung, Bohrpfahlwand, unverankert",,m2,,,,,,,,,,,,,,,,,,,,,,0,"siehe oben Position 00.001. Die publizierten Umweltkennwerte waren für diese Position um ca. 1 % zu hoch.
voir ci-dessus position 00.001. Les caractéristiques environnementales publiées étaient trop élevées d'environ 1 % pour cette position."
0.003,,E6266550-4DA7-4AC1-9967-35D378CCA917,"Baugrubensicherung, Bohrpfahlwand, verankert",91.076,"Entsorgung, Baugrubensicherung, Bohrpfahlwand, verankert",,m2,,,,,,,,,,,,,,,,,,,,,,0,"siehe oben Position 00.001. Die publizierten Umweltkennwerte waren für diese Position um ca. 1 % zu hoch.
voir ci-dessus position 00.001. Les caractéristiques environnementales publiées étaient trop élevées d'environ 1 % pour cette position."
0.004,,B49F5C35-D26E-4EBD-9736-51937285D583,"Baugrubensicherung, Nagelwand",91.077,"Entsorgung, Baugrubensicherung, Nagelwand",,m2,,,,,,,,,,,,,,,,,,,,,,0,"siehe oben Position 00.001. Die publizierten Umweltkennwerte waren für diese Position um ca. 1 % zu hoch.
voir ci-dessus position 00.001. Les caractéristiques environnementales publiées étaient trop élevées d'environ 1 % pour cette position."
0.005,,F0E2CA61-381A-42B0-9331-F3A3B092171A,"Baugrubensicherung, Rühlwand, auskragend",91.078,"Entsorgung, Baugrubensicherung, Rühlwand, auskragend",,m2,,,,,,,,,,,,,,,,,,,,,,0,"siehe oben Position 00.001. Die publizierten Umweltkennwerte waren für diese Position um ca. 5 % zu hoch.
voir ci-dessus position 00.001. Les caractéristiques environnementales publiées étaient trop élevées d'environ 5 % pour cette position."
0.006,,FB6C7A79-69B2-4F61-A8D9-FAD72DBB5ACD,"Baugrubensicherung, Rühlwand, gespriesst",91.079,"Entsorgung, Baugrubensicherung, Rühlwand, gespriesst",,m2,,,,,,,,,,,,,,,,,,,,,,0,"siehe oben Position 00.001. Die publizierten Umweltkennwerte waren für diese Position um ca. 5 % zu hoch.
voir ci-dessus position 00.001. Les caractéristiques environnementales publiées étaient trop élevées d'environ 5 % pour cette position."
0.007,,4E562FDF-A73E-4E7E-8C56-B7B5068A19EC,"Baugrubensicherung, Rühlwand, verankert",91.08,"Entsorgung, Baugrubensicherung, Rühlwand, verankert",,m2,,,,,,,,,,,,,,,,,,,,,,0,"siehe oben Position 00.001. Die publizierten Umweltkennwerte waren für diese Position um ca. 5 % zu hoch.
voir ci-dessus position 00.001. Les caractéristiques environnementales publiées étaient trop élevées d'environ 5 % pour cette position."
0.008,,F4CB3C0F-DD23-4821-9DAC-7CBFB57B2AD1,"Baugrubensicherung, Schlitzwand, 400 mm",91.081,"Entsorgung, Baugrubensicherung, Schlitzwand, 400mm",,m2,,,,,,,,,,,,,,,,,,,,,,0,"siehe oben Position 00.001. Die publizierten Umweltkennwerte waren für diese Position um ca. 5 % zu hoch.
voir ci-dessus position 00.001. Les caractéristiques environnementales publiées étaient trop élevées d'environ 5 % pour cette position."
0.009,,8F0DDE0F-57FE-4A5E-9A52-70803B0774C6,"Baugrubensicherung, Schlitzwand, 800 mm",91.082,"Entsorgung, Baugrubensicherung, Schlitzwand, 800mm",,m2,,,,,,,,,,,,,,,,,,,,,,0,"siehe oben Position 00.001. Die publizierten Umweltkennwerte waren für diese Position um ca. 7 % zu hoch.
voir ci-dessus position 00.001. Les caractéristiques environnementales publiées étaient trop élevées d'environ 7 % pour cette position."
0.01,,650E9E9A-4709-4780-BA84-460617AE70A0,"Baugrubensicherung, Spundwand, auskragend",91.083,"Entsorgung, Baugrubensicherung, Spundwand, auskragend",,m2,,,,,,,,,,,,,,,,,,,,,,0,"siehe oben Position 00.001. Die publizierten Umweltkennwerte waren für diese Position um ca. 1 % zu hoch.
voir ci-dessus position 00.001. Les caractéristiques environnementales publiées étaient trop élevées d'environ 1 % pour cette position."
0.011,,53A125FB-F71E-4A1A-9191-DE111E0DF8C0,"Baugrubensicherung, Spundwand, gespriesst",91.084,"Entsorgung, Baugrubensicherung, Spundwand, gespriesst",,m2,,,,,,,,,,,,,,,,,,,,,,0,"siehe oben Position 00.001. Die publizierten Umweltkennwerte waren für diese Position um ca. 1 % zu hoch.
voir ci-dessus position 00.001. Les caractéristiques environnementales publiées étaient trop élevées d'environ 1 % pour cette position."
0.012,,9AA11301-7957-4139-BC09-9F57072238EC,"Baugrubensicherung, Spundwand, verankert",91.085,"Entsorgung, Baugrubensicherung, Spundwand, verankert",,m2,,,,,,,,,,,,,,,,,,,,,,0,"siehe oben Position 00.001. Die publizierten Umweltkennwerte waren für diese Position um ca. 1 % zu hoch.
voir ci-dessus position 00.001. Les caractéristiques environnementales publiées étaient trop élevées d'environ 1 % pour cette position."
0.013,,B4015EF4-695C-47BF-9CD8-A8AF5CE3C0CB,"Tiefgründung, Mikrobohrpfahl",91.086,"Entsorgung, Tiefgründung, Mikrobohrpfahl",,m,,,,,,,,,,,,,,,,,,,,,,0,"siehe oben Position 00.001. Die publizierten Umweltkennwerte waren für diese Position um ca. 5 % zu hoch.
voir ci-dessus position 00.001. Les caractéristiques environnementales publiées étaient trop élevées d'environ 5 % pour cette position."
0.014,,D6B4CD48-CFD0-45DD-8F39-F2877B8DE652,"Tiefgründung, Ortbetonbohrpfahl, 700 mm",91.087,"Entsorgung, Tiefgründung, Ortbetonbohrpfahl, 700mm",,m,,,,,,,,,,,,,,,,,,,,,,0,"siehe oben Position 00.001. Die publizierten Umweltkennwerte waren für diese Position um ca. 5 % zu hoch.
voir ci-dessus position 00.001. Les caractéristiques environnementales publiées étaient trop élevées d'environ 5 % pour cette position."
0.015,,EE463E2C-FAD4-4183-BBDF-A8E1FA456B32,"Tiefgründung, Ortbetonbohrpfahl, 900 mm",91.088,"Entsorgung, Tiefgründung, Ortbetonbohrpfahl, 900mm",,m,,,,,,,,,,,,,,,,,,,,,,0,"siehe oben Position 00.001. Die publizierten Umweltkennwerte waren für diese Position um ca. 5 % zu hoch.
voir ci-dessus position 00.001. Les caractéristiques environnementales publiées étaient trop élevées d'environ 5 % pour cette position."
0.016,,DEED59B5-BB81-4104-9BAE-D78266DC439E,"Tiefgründung, Ortbetonbohrpfahl, 1200 mm",91.089,"Entsorgung, Tiefgründung, Ortbetonbohrpfahl, 1200mm",,m,,,,,,,,,,,,,,,,,,,,,,0,"siehe oben Position 00.001. Die publizierten Umweltkennwerte waren für diese Position um ca. 5 % zu hoch.
voir ci-dessus position 00.001. Les caractéristiques environnementales publiées étaient trop élevées d'environ 5 % pour cette position."
0.017,,13247483-F3F9-449C-87D0-6B956AB03E50,"Tiefgründung, Ortbetonverdrängungspfahl 560/480 mm",91.09,"Entsorgung, Tiefgründung, Ortbetonverdrängungspfahl 560/480mm",,m,,,,,,,,,,,,,,,,,,,,,,0,"siehe oben Position 00.001. Die publizierten Umweltkennwerte waren für diese Position um ca. 7 % zu hoch.
voir ci-dessus position 00.001. Les caractéristiques environnementales publiées étaient trop élevées d'environ 7 % pour cette position."
0.018,,26ED1BEC-5B9B-4820-8481-A544231F80EE,"Tiefgründung, Ortbetonverdrängungspfahl 660/580 mm",91.091,"Entsorgung, Tiefgründung, Ortbetonverdrängungspfahl 660/580mm",,m,,,,,,,,,,,,,,,,,,,,,,0,"siehe oben Position 00.001. Die publizierten Umweltkennwerte waren für diese Position um ca. 7 % zu hoch.
voir ci-dessus position 00.001. Les caractéristiques environnementales publiées étaient trop élevées d'environ 7 % pour cette position."
0.019,,4EACB020-C81C-482A-8817-F3DE92E1F6D6,"Tiefgründung, Rüttelstopfsäule",91.092,"Entsorgung, Tiefgründung, Rüttelstopfsäule",,m,,,,,,,,,,,,,,,,,,,,,,0,"siehe oben Position 00.001. Die publizierten Umweltkennwerte waren für diese Position um ca. 1 % zu hoch.
voir ci-dessus position 00.001. Les caractéristiques environnementales publiées étaient trop élevées d'environ 1 % pour cette position."
0.02,,4FE800F8-909C-4102-9E3F-525A7AD89DCE,"Tiefgründung, Vorgefertigter Betonpfahl",91.093,"Entsorgung, Tiefgründung, Vorgefertigter Betonpfahl",,m,,,,,,,,,,,,,,,,,,,,,,0,"siehe oben Position 00.001. Die publizierten Umweltkennwerte waren für diese Position um ca. 5 % zu hoch.
voir ci-dessus position 00.001. Les caractéristiques environnementales publiées étaient trop élevées d'environ 5 % pour cette position."
0.021,,85D42D88-963C-488B-B94E-C9FD0985CF27,"Wasserhaltung, Pumphöhe 2.5 m",91.094,"Entsorgung, Wasserhaltung, Pumphöhe 2.5m",,m3,21,21,0,0,0,0,0,0,0,0,0,0,0,0,0,0,0,0,0,0,0,0,"siehe oben Position 00.001. Die publizierten Umweltkennwerte waren für diese Position um ca. 10 % zu hoch.
voir ci-dessus position 00.001. Les caractéristiques environnementales publiées étaient trop élevées d'environ 10 % pour cette position."
0.022,,3058E4BA-F5B1-42AF-8905-745801085D2B,"Wasserhaltung, Pumphöhe 5 m",91.095,"Entsorgung, Wasserhaltung, Pumphöhe 5m",,m3,25,25,0,0,0,0,0,0,0,0,0,0,0,0,0,0,0,0,0,0,0,0,"siehe oben Position 00.001. Die publizierten Umweltkennwerte waren für diese Position um ca. 6 % zu hoch.
voir ci-dessus position 00.001. Les caractéristiques environnementales publiées étaient trop élevées d'environ 6 % pour cette position."
0.023,,50066F27-9A16-4226-9BD9-6C53C61B330B,"Wasserhaltung, Pumphöhe 7.5 m",91.096,"Entsorgung, Wasserhaltung, Pumphöhe 7.5m",,m3,29,29,0,0,0,0,0,0,0,0,0,0,0,0,0,0,0,0,0,0,0,0,
0.024,,AA3FB687-B165-4723-8F83-3389DE7747B7,"Wasserhaltung, Pumphöhe 10 m",91.097,"Entsorgung, Wasserhaltung, Pumphöhe 10m",,m3,33,33,0,0,0,0,0,0,0,0,0,0,0,0,0,0,0,0,0,0,0,0,
1.001,Beton,A05F4D90-D030-49B6-A08A-BAD5228E3552,Magerbeton (ohne Bewehrung),91.061,"Entsorgung, Beton",2’150,kg,105,68.9,35.6,0.139,0,0,0,0,0.01,0,0,0,0,0.129,0,0,0,0,0.063,0.0502,0.0128,0,
1.002,Beton,E13EE05E-FD34-4FB5-A178-0FC4164A96F2,Hochbaubeton (ohne Bewehrung),91.061,"Entsorgung, Beton",2’300,kg,154,118,35.4,0.19,0,0,0,0,0.015,0,0,0,0,0.175,0,0,0,0,0.101,0.0888,0.0127,0,
1.003,Beton,6704A56E-25F3-4DD0-8890-EC2E2A0D4B9C,Tiefbaubeton (ohne Bewehrung),91.061,"Entsorgung, Beton",2’350,kg,164,128,35.4,0.205,0,0,0,0,0.016,0,0,0,0,0.189,0,0,0,0,0.109,0.096,0.0127,0,
1.004,Beton,4EBAA5FE-7F18-443E-A05A-08185A6165D0,Bohrpfahlbeton (ohne Bewehrung),91.061,"Entsorgung, Beton",2’325,kg,175,139,35.3,0.214,0,0,0,0,0.017,0,0,0,0,0.198,0,0,0,0,0.119,0.107,0.0126,0,
1.041,Beton,3A51918F-AB60-4CE7-A771-A10C3266684A,"Betonfertigteil, hochfester Beton, ab Werk",91.061,"Entsorgung, Beton",2’770,kg,,,,,,,,,,,,,,,,,,,,,,0,"siehe oben Position 00.001. Die publizierten Umweltkennwerte waren für diese Position um ca. 10 % zu hoch.
voir ci-dessus position 00.001. Les caractéristiques environnementales publiées étaient trop élevées d'environ 10 % pour cette position."
1.042,Beton,F6DCDEFA-AFE6-44CB-8B68-3527ABFDC011,"Betonfertigteil, Normalbeton, ab Werk",91.061,"Entsorgung, Beton",2’500,kg,,,,,,,,,,,,,,,,,,,,,,0,"siehe oben Position 00.001. Die publizierten Umweltkennwerte waren für diese Position um ca. 6 % zu hoch.
voir ci-dessus position 00.001. Les caractéristiques environnementales publiées étaient trop élevées d'environ 6 % pour cette position."
1.043,Beton,DD16B81F-E498-48D6-9754-A1E95558BFFE,Hanfbeton,91.073,"Entsorgungsmix, Hanfbeton",600,kg,665,663,1.7,1.86,2,1,1,0,0.899,1,0,0.839,0,0.959,1,1,0,0,0.324,0.324,0.00007,0,
01.043.01,Beton,b05c4b9b-b749-4f50-a92b-98713a494220,"Hanfbeton, ARBIO",91.073,"Entsorgungsmix, Hanfbeton",600,kg,639,638,2,1.8,2,1,1,0,0.9,0.9,0,0.839,0,0.9,0.9,1,0,0,0.31,0.312,0,0.06,
2.001,Mauersteine,958BA083-03C8-4336-BFC5-0DB5B6BC1B43,Backstein,91.136,"Entsorgung, Baumaterialien, mineralisch, unspezifisch",900,kg,372,329,42.7,0.87,1,1,0,0,0.08,0,0,0,0,0.79,1,1,0,0,0.267,0.254,0.0128,0,
02.001.01,Mauersteine,555E9A89-95DF-4C98-BC55-879B4C7E4BFE,"Backstein, perlitgefüllt, zzwancor",91.136,"Entsorgung, Baumaterialien, mineralisch, unspezifisch",575,kg,421,378,43,1,1,1,0,0,0.1,0,0,0,0,0.9,1,1,0,0.1,0.28,0.27,0.01,0,
2.002,Mauersteine,17BF48A3-72AD-4EBB-A2DE-3256129F7031,Kalksandstein,91.136,"Entsorgung, Baumaterialien, mineralisch, unspezifisch",1’400,kg,259,216,42.7,0.43,0,0,0,0,0.04,0,0,0,0,0.39,0,0,0,0,0.162,0.149,0.0128,0,
02.002.01,Mauersteine,564C9F25-EE8A-4799-A049-6D26DF586F05,"Kalksandstein, FBB",91.136,"Entsorgung, Baumaterialien, mineralisch, unspezifisch",1200-2000,kg,196,153,43,0.4,0.3,0,0,0.1,0,0,0,0,0,0.3,0.3,0,0,0.1,0.12,0.102,0.01,0,
02.002.02,Mauersteine,adbada8c-108b-4869-a098-bc2cda5c5929,"Kalksandstein, Hunziker Kalksandstein AG",91.136,"Entsorgung, Baumaterialien, mineralisch, unspezifisch",1200-2000,kg,191,148,43,0.3,0.2,0,0,0.1,0,0,0,0,0,0.3,0.2,0,0,0.1,0.11,0.094,0.01,0,
2.003,Mauersteine,45766F6B-BC17-4725-B939-23AA76838736,Leichtlehmstein,91.136,"Entsorgung, Baumaterialien, mineralisch, unspezifisch",700,kg,354,311,42.7,1.56,2,2,0,0,0.79,1,1,0,0,0.76,1,1,0,0,0.18,0.167,0.0128,0,
2.004,Mauersteine,2DEEC4B0-D3FE-4124-A08A-0DD398A65220,"Leichtzementstein, Blähton",91.136,"Entsorgung, Baumaterialien, mineralisch, unspezifisch",1’200,kg,610,568,42.7,1.48,1,1,0,0,0.06,0,0,0,0,1.43,1,1,0,0,0.429,0.416,0.0128,0,
2.005,Mauersteine,27B5089E-6003-4920-991A-0BCC005B9434,"Leichtzementstein, Naturbims",91.136,"Entsorgung, Baumaterialien, mineralisch, unspezifisch",1’200,kg,323,280,42.7,0.4,0,0,0,0,0.04,0,0,0,0,0.36,0,0,0,0,0.213,0.2,0.0128,0,
2.006,Mauersteine,406B9ED4-C9C0-41E2-B945-7844C7313250,Porenbetonstein,91.136,"Entsorgung, Baumaterialien, mineralisch, unspezifisch",500,kg,574,531,42.7,0.93,1,1,0,0,0.07,0,0,0,0,0.86,1,1,0,0,0.427,0.414,0.0128,0,
2.007,Mauersteine,69524911-E277-4B29-827D-B8475E4D8C23,Zementstein,91.136,"Entsorgung, Baumaterialien, mineralisch, unspezifisch",1’700,kg,215,172,42.7,0.25,0,0,0,0,0.03,0,0,0,0,0.226,0,0,0,0,0.127,0.114,0.0128,0,
02.007.01,Mauersteine,288A84C2-129A-431D-B135-7F7A3F9D0CBD,"Erdstein, aus gepresster Erde, Terrabloc",91.177.01,"Entsorgung, Erdstein, aus gepresster Erde, Terrabloc",1’850,kg,136,84,52,0.2,0,0,0,0,0,0,0,0,0,0.1,0.1,0,0,0,0.06,0.054,0,0,
02.007.02,Mauersteine,276ac558-09e7-4a6d-b6d8-5643d08bcf9b,"Hanfsteine, Schönthaler AG",91.176.01,"Entsorgung, Hanfsteine, Schönthaler AG",300,kg,824,751,72,3.7,4,2,2,0,1.8,2,0,2,0,1.9,1.8,2,0,0.1,0.37,0.338,0.03,0.15,
3.021,Andere Massivbaustoffe,fc996053-6ce2-4be3-a99f-42fb01b5d1ce,Betongranulat,91.062,"Entsorgung, Kies und Sand",2’500,kg,44,3,40.4,0.07,0,0,0,0,0,0,0,0,0,0.06,0,0,0,0,0.014,0.001,0.0128,0,
3.001,Andere Massivbaustoffe,D00BA00E-D63B-4109-ADC0-4D9A3367734D,Betonziegel,91.136,"Entsorgung, Baumaterialien, mineralisch, unspezifisch",2’300,kg,327,284,42.7,0.51,0,0,0,0,0.04,0,0,0,0,0.47,0,0,0,0,0.209,0.196,0.0128,0,
3.002,Andere Massivbaustoffe,8873B601-8644-4FF4-B2CF-042546B8500D,Faserzement-Dachschindel,91.137,"Entsorgung, Faserzement",1’800,kg,1100,1040,68,2.7,3,3,0,0,0.5,0,0,0,0,2.16,2,2,0,0,0.7,0.687,0.0133,0,
3.003,Andere Massivbaustoffe,EC993875-136D-4857-B06E-BB581EA9DA43,Faserzementplatte gross,91.137,"Entsorgung, Faserzement",1’800,kg,1’520,1’450,68,3.5,3,3,0,0,0.6,1,1,0,0,2.9,3,3,0,0,1.04,1.02,0.0133,0,
3.004,Andere Massivbaustoffe,08C9C771-82D9-4925-8E06-39A4367A8370,Faserzement-Wellplatte,91.137,"Entsorgung, Faserzement",1’800,kg,1060,992,68,2.33,2,2,0,0,0.55,1,1,0,0,1.78,2,2,0,0,0.65,0.636,0.0133,0,
3.005,Andere Massivbaustoffe,9304338C-8D4A-4EE3-B1A2-43977ADA18A4,Flachglas beschichtet,91.032,"Entsorgung, Flachglas",2’500,kg,2’000,1’930,69.2,4.9,5,5,0,0,0.3,0,0,0,0,4.6,5,5,0,0,1.2,1.19,0.0193,0,
3.006,Andere Massivbaustoffe,8A03A7D4-FB51-48D0-BA86-9D13EE70A0D9,Flachglas unbeschichtet,91.032,"Entsorgung, Flachglas",2’500,kg,1’790,1’720,69.2,4.2,4,4,0,0,0.1,0,0,0,0,4.1,4,4,0,0,1.14,1.12,0.0193,0,
3.007,Andere Massivbaustoffe,45BEA46B-47E9-425F-926C-AEB31CB4A09D,Gipsfaserplatte,91.063,"Entsorgung, Gipsfaserplatte",1’200,kg,875,803,71.8,2.57,2,2,0,0,0.1,0,0,0,0,2.47,2,2,0,0,0.553,0.534,0.0188,0,
3.008,Andere Massivbaustoffe,38A83C73-92BD-492B-B435-97332A84863E,Gipskartonplatte,91.064,"Entsorgung, Gipskartonplatte",850,kg,525,453,72.1,1.42,1,1,0,0,0.09,0,0.08,0,0,1.33,1,1,0,0,0.302,0.283,0.0189,0,
3.016,Andere Massivbaustoffe,DB2B00A9-DBF6-CA2A-BAC1-9BCCE4E4846A,Gips-Wandbauplatte / Vollgipsplatte,91.069,"Entsorgung, Gips-Wandbauplatte / Vollgipsplatte",1’000,kg,531,459,71.7,1.48,1,1,0,0,0.03,0,0,0,0,1.45,1,1,0,0,0.317,0.298,0.0187,0,
3.009,Andere Massivbaustoffe,B787C33A-9D88-414E-84DE-3E087E3639ED,Hartsandsteinplatte,91.136,"Entsorgung, Baumaterialien, mineralisch, unspezifisch",2’500,kg,113,70,42.7,0.32,0,0,0,0,0.05,0,0,0,0,0.28,0,0,0,0,0.0411,0.0283,0.0128,0,
3.017,Andere Massivbaustoffe,8FE3FD69-2400-4DC4-933B-E91CDE601165,Kalksteinplatte,91.136,"Entsorgung, Baumaterialien, mineralisch, unspezifisch",2’500,kg,141,98.3,42.7,0.37,0,0,0,0,0.03,0,0,0,0,0.34,0,0,0,0,0.0738,0.061,0.0128,0,
3.01,Andere Massivbaustoffe,8B49329A-8573-47FC-8D1A-9F2E4640C4E6,Keramik-/Steinzeugplatte,91.136,"Entsorgung, Baumaterialien, mineralisch, unspezifisch",2’600,kg,4’110,4’060,42.7,3.9,4,4,0,0,0.2,0,0,0,0,3.7,4,4,0,0,0.796,0.783,0.0128,0,
3.011,Andere Massivbaustoffe,1300707C-F4F2-4FDC-AF3B-E31F5840F18E,Kies gebrochen,91.062,"Entsorgung, Kies und Sand",2’000,kg,65.2,24.8,40.4,0.093,0,0,0,0,0.008,0,0,0,0,0.085,0,0,0,0,0.0178,0.00508,0.0128,0,
3.022,Andere Massivbaustoffe,805e0a9f-a660-4446-b7df-f9c3b43824c2,Mischgranulat,91.062,"Entsorgung, Kies und Sand",2’400,kg,41.3,0.8,40.4,0.056,0,0,0,0,0.002,0,0,0,0,0.053,0,0,0,0,0.0135,0.00071,0.0128,0,
3.012,Andere Massivbaustoffe,1A0D933D-B136-4441-B98F-6E6FFD1DFDD8,Rundkies,91.062,"Entsorgung, Kies und Sand",2’000,kg,59.7,19.3,40.4,0.073,0,0,0,0,0.004,0,0,0,0,0.069,0,0,0,0,0.0159,0.00308,0.0128,0,
3.013,Andere Massivbaustoffe,B6F7B71D-25CE-45F6-BA5A-1A786AC69E0B,Sand,91.062,"Entsorgung, Kies und Sand",2’000,kg,59.7,19.3,40.4,0.073,0,0,0,0,0.004,0,0,0,0,0.069,0,0,0,0,0.0159,0.00308,0.0128,0,
3.014,Andere Massivbaustoffe,A5A3BA1D-7F7F-4677-9E1C-3545B9DF79BA,Sanitärkeramik,91.136,"Entsorgung, Baumaterialien, mineralisch, unspezifisch",2’000,kg,4’690,4’650,42.7,11.5,11,11,0,0,0.4,0,0,0,0,11.1,11,11,0,0,2.38,2.37,0.0128,0,
3.02,Andere Massivbaustoffe,D3586070-8058-4A67-BC89-68508822DA21,Stampflehm,91.136,"Entsorgung, Baumaterialien, mineralisch, unspezifisch",2’000,kg,80,32,48.2,0.1,0,0,0,0,0,0,0,0,0,0.1,0,0,0,0,0.02,0.02,0.00115,0,
3.015,Andere Massivbaustoffe,84E2D4F6-D61F-4EDF-9D13-7DA1543A7887,Tonziegel,91.138,"Entsorgung, Ziegel",1’700,kg,515,480,35.9,1.15,1,1,0,0,0.03,0,0,0,0,1.12,1,1,0,0,0.386,0.373,0.0128,0,
4.008,Mörtel und Putze,FA96A840-32DF-4C9A-935F-19037F653A62,Baukleber/Einbettmörtel mineralisch,91.139,"Entsorgung, Mörtel, Putze",1’400,kg,634,591,42.7,1.7,2,2,0,0,0.17,0,0,0,0,1.53,1,1,0,0,0.406,0.393,0.0129,0,
4.01,Mörtel und Putze,985B3DC3-846D-49CE-9067-8F50B4FE70D7,Baukleber/Einbettmörtel mineralisch Leichtzuschlag,91.139,"Entsorgung, Mörtel, Putze",1’100,kg,639,596,42.7,1.76,2,2,0,0,0.15,0,0,0,0,1.61,2,2,0,0,0.427,0.414,0.0129,0,
4.002,Mörtel und Putze,3A9DAB99-F63E-4DC7-9D95-2789F2A46143,Baukleber/Einbettmörtel organisch,91.139,"Entsorgung, Mörtel, Putze",1’670,kg,1’400,1’350,42.7,4.3,4,4,0,0,0.2,0,0,0,0,4.2,4,4,0,0,0.78,0.77,0.0129,0,
4.017,Mörtel und Putze,BE39AA2B-67C3-4306-AD5D-5261E43D632D,Gips-Kalk-Putz,91.139,"Entsorgung, Mörtel, Putze",925,kg,251,209,42.7,0.74,1,1,0,0,0.06,0,0,0,0,0.68,1,1,0,0,0.158,0.145,0.0129,0,
4.001,Mörtel und Putze,76D9CFC6-6174-4644-829E-1020C95D5322,Gips-/Weissputz,91.139,"Entsorgung, Mörtel, Putze",1’100,kg,242,199,42.7,0.7,1,1,0,0,0.1,0,0,0,0,0.7,1,1,0,0,0.15,0.14,0.0129,0,
4.003,Mörtel und Putze,D4AB5F70-61BE-4668-8A2C-FF1C755A1728,Kunststoffputz (Dispersionsputz),91.139,"Entsorgung, Mörtel, Putze",1’540,kg,1740,1700,42.7,5.44,5,5,1,0,0.24,0,0,0,0,5.2,5,4,1,0,0.972,0.959,0.0129,0,
4.013,Mörtel und Putze,9BD4C9E4-4499-4215-9215-2EF12370ACE6,Kalk-Zement/Zement-Kalk-Putz,91.139,"Entsorgung, Mörtel, Putze",1’550,kg,396,354,42.7,0.85,1,1,0,0,0.14,0,0,0,0,0.72,1,1,0,0,0.264,0.251,0.0129,0,
4.004,Mörtel und Putze,412F0DEF-2F16-4D81-95CF-2A7394086B28,Lehmputz,91.139,"Entsorgung, Mörtel, Putze",1’800,kg,96.5,53.8,42.7,0.191,0,0,0,0,0.019,0,0,0,0,0.173,0,0,0,0,0.033,0.02,0.0129,0,
4.015,Mörtel und Putze,A8D1862B-6EEC-48B6-83BC-8EFACE342122,Leichtputz mineralisch,91.139,"Entsorgung, Mörtel, Putze",1’000,kg,575,533,42.7,1.4,1,1,0,0,0.16,0,0,0,0,1.23,1,1,0,0,0.373,0.36,0.0129,0,
4.011,Mörtel und Putze,868CB13D-7EF0-454B-B4FD-AE2B04538206,Silikatputz (Dispersionssilikatputz),91.139,"Entsorgung, Mörtel, Putze",1’880,kg,1880,1840,42.7,5.77,6,6,0,0,0.28,0,0,0,0,5.49,5,5,0,0,1.08,1.07,0.0129,0,
4.012,Mörtel und Putze,324E5DE0-FEB1-49C3-9188-F1AA0E119514,Silikonharzputz,91.139,"Entsorgung, Mörtel, Putze",1’670,kg,2010,1970,42.7,6.45,6,6,0,0,0.36,0,0,0,0,6.09,6,6,0,0,1.14,1.13,0.0129,0,
4.016,Mörtel und Putze,333331BA-98CA-49BD-887A-D65AA4D5B2C4,Sumpfkalkputz,91.139,"Entsorgung, Mörtel, Putze",1’350,kg,747,704,42.7,1.9,2,2,0,0,0.13,0,0,0,0,1.77,2,2,0,0,0.511,0.498,0.0129,0,
4.005,Mörtel und Putze,3B956811-9D40-452C-BAC2-FBA122630C43,"Unterlagsboden Anhydrit, 60 mm",91.136,"Entsorgung, Baumaterialien, mineralisch, unspezifisch",2’000,kg,216,173,42.7,0.46,0,0,0,0,0.03,0,0,0,0,0.43,0,0,0,0,0.0916,0.0788,0.0128,0,
4.006,Mörtel und Putze,B0F22D3F-709D-408F-9ACA-1533FA4C7F45,"Unterlagsboden Zement, 85 mm",91.136,"Entsorgung, Baumaterialien, mineralisch, unspezifisch",1’850,kg,206,163,42.7,0.27,0,0,0,0,0.04,0,0,0,0,0.23,0,0,0,0,0.12,0.108,0.0128,0,
4.007,Mörtel und Putze,E68F96C7-984A-47B5-B17C-B2806BD1CF1C,Wärmedämmputz EPS,91.139,"Entsorgung, Mörtel, Putze",250,kg,965,922,42.7,1.94,2,1,0,0,0.15,0,0,0,0,1.79,2,1,0,0,0.727,0.715,0.0129,0,
4.014,Mörtel und Putze,223F00DA-C2D9-4971-879F-F391648A0155,Weisszementputz,91.139,"Entsorgung, Mörtel, Putze",1’550,kg,508,465,42.7,1.04,1,1,0,0,0.14,0,0,0,0,0.9,1,1,0,0,0.354,0.341,0.0129,0,
4.009,Mörtel und Putze,382D5231-E4CF-42D6-B935-D41BA653E3EE,Zementputz,91.139,"Entsorgung, Mörtel, Putze",1’550,kg,392,349,42.7,0.78,1,1,0,0,0.13,0,0,0,0,0.66,1,1,0,0,0.261,0.249,0.0129,0,
5.008,"Fenster, Sonnenschutz, Fassadenverkleidungen",297C8AF9-6B6F-47A2-9F51-A0D37EFCB892,"Fassade, Pfosten-Riegel, Alu/Glas 1",91.135,"Entsorgung, Fassade, Pfosten-Riegel, Alu/Glas",,m2,349’000,334’000,15’500,798,792,792,0,6,74,74,74,0,0,723,718,718,0,5,193,180,13,0,
5.022,"Fenster, Sonnenschutz, Fassadenverkleidungen",5905B6AD-722F-40CB-9877-57D366B4ABF4,"Fassadenplatte, Aluverbund, 4 mm",91.103,"Entsorgung, Fassadenplatte, Aluverbund, 4 mm",7.1,m2,74’900,66’700,8’270,216,215,215,0,1,24,24,24,0,0,192,192,192,0,1,43,36,8,0,
5.023,"Fenster, Sonnenschutz, Fassadenverkleidungen",4722E1EF-E1A5-470C-8310-F4DC0300F7F3,"Fassadenplatte, Hochdrucklaminatplatte (HPL), 8.1 mm",91.106,"Entsorgung, HPL-Fassadenplatten",11.6,m2,73’400,58’400,15’000,282,278,215,63,3,84,84,47,37,0,198,195,168,27,3,46,33,13,3,
5.025,"Fenster, Sonnenschutz, Fassadenverkleidungen",D4B0ECEB-1E00-4A60-A09E-D631A07E2EE3,"Fassadenplatte, Kalkstein, 30 mm",91.14,"Entsorgung, Fassade, mineralisch, Kalkstein",78,m2,11’000,7’670,3’330,29,24,24,0,4,2,2,2,0,0,26,22,22,0,4,6,5,1,0,
5.024,"Fenster, Sonnenschutz, Fassadenverkleidungen",4BA8E23B-3562-494B-87B2-9D891B313B9B,"Fassadenplatte, Kunststoff glasfaserverstärkt (GFK), 1.6 mm",91.071,"Entsorgung, GFK-Fassadenplatte",2.4,m2,31’700,25’700,6’010,79,78,69,9,1,4,4,4,0,0,75,75,66,9,1,22,17,6,0,
5.004,"Fenster, Sonnenschutz, Fassadenverkleidungen",9F6858EE-648D-43AA-A72E-46D8A0B25E11,Fensterrahmen Aluminium 2,91.105,"Entsorgung, Gebäude, Fensterrahmen, Aluminium",,m2,247’000,230’000,16’200,631,629,629,0,2,77,77,77,0,0,554,552,552,0,2,133,118,15,0,
5.005,"Fenster, Sonnenschutz, Fassadenverkleidungen",E65D5066-3C25-440A-A67B-44AACF067AD5,Fensterrahmen Holz 2,91.029,"Entsorgung, Gebäude, Fensterrahmen, Holz",,m2,78’000,70’800,7’130,362,360,264,96,2,190,190,104,86,0,172,170,160,10,2,36,31,5.9,8,
5.006,"Fenster, Sonnenschutz, Fassadenverkleidungen",5D3F1239-2A50-4539-8DEF-341218D0F70A,Fensterrahmen Holz-Metall 2,91.03,"Entsorgung, Gebäude, Fensterrahmen, Holz-Metall",,m2,134’000,126’000,8’240,479,477,393,84,2,179,179,107,71,0,300,298,286,12,2,66,59,7.1,6,
5.007,"Fenster, Sonnenschutz, Fassadenverkleidungen",84E9C627-DD03-4A9F-AB74-C19202145195,Fensterrahmen Kunststoff/PVC 2,91.031,"Entsorgung, Gebäude, Fensterrahmen, Plastik",,m2,115’000,103’000,11’800,344,338,257,81,6,15,15,15,0,0,328,323,242,81,5,64,53,10,0,
5.001,"Fenster, Sonnenschutz, Fassadenverkleidungen",F9C5864D-7143-472A-A4CB-7ED4DC0B447F,"Isolierverglasung 2-fach, Ug-Wert 1.1 W/m2K, Dicke 24 mm 3",91.042,"Entsorgung, Isolierverglasung 2-fach, Float/ESG, Ug-Wert 1.1 W/m2K, Dicke 24 mm",,m2,70’800,65’900,4’910,178,175,175,0,3,10,10,10,0,0,167,165,165,0,3,44.4,40.8,3.61,0,
5.009,"Fenster, Sonnenschutz, Fassadenverkleidungen",7785FAA6-5F71-47CC-8753-2694318F593D,"Isolierverglasung 2-fach, Ug-Wert 1.1 W/m2K, Dicke 18 mm 3",91.107,"Entsorgung, Isolierverglasung 2-fach, Ug-Wert 1.1 W/m2K, Dicke 18 mm",,m2,79’000,74’900,4’100,208,205,205,0,3,13,13,13,0,0,195,192,192,0,3,48.6,45.8,2.85,0,
5.01,"Fenster, Sonnenschutz, Fassadenverkleidungen",235E295B-72C0-461F-8320-6D07BA2F7021,"Isolierverglasung 2-fach, ESG, Ug-Wert 1.1 W/m2K 3",91.042,"Entsorgung, Isolierverglasung 2-fach, Float/ESG, Ug-Wert 1.1 W/m2K, Dicke 24 mm",,m2,87’100,82’200,4’910,235,232,232,0,3,19,18,18,0,0,216,214,214,0,3,52.2,48.5,3.61,0,
5.002,"Fenster, Sonnenschutz, Fassadenverkleidungen",7D185B01-5484-4A8B-A8F5-73CB990EE890,"Isolierverglasung 2-fach, VSG, Ug-Wert 1.1 W/m2K 3",91.043,"Entsorgung, Isolierverglasung 2-fach, Float/ESG/VSG, Ug-Wert 1.1 W/m2K",,m2,128’000,120’000,8’740,345,341,341,0,5,21,21,21,0,0,324,320,320,0,4,79.4,72.7,6.68,0,
5.011,"Fenster, Sonnenschutz, Fassadenverkleidungen",C52C5B31-C765-4594-852A-0894882A8ED1,"Isolierverglasung 2-fach, ESG/VSG, Ug-Wert 1.1 W/m2K 3",91.043,"Entsorgung, Isolierverglasung 2-fach, Float/ESG/VSG, Ug-Wert 1.1 W/m2K",,m2,145’000,136’000,8’740,403,398,398,0,5,29,29,29,0,0,373,369,369,0,4,87.2,80.5,6.68,0,
5.003,"Fenster, Sonnenschutz, Fassadenverkleidungen",43101D99-1D7B-4082-B62D-BF509227B57E,"Isolierverglasung 3-fach, Ug-Wert 0.5 W/m2K, Dicke 36 mm 3",91.044,"Entsorgung, Isolierverglasung 3-fach, Ug-Wert 0.5 W/m2K, Dicke 36 mm",,m2,128’000,121’000,6’840,343,339,339,0,4,23,22,22,0,0,320,316,316,0,4,78.4,73.4,4.92,0,
5.012,"Fenster, Sonnenschutz, Fassadenverkleidungen",8C429A3C-65E9-423C-BB08-626C4639C97B,"Isolierverglasung 3-fach, Ug-Wert 0.6 W/m2K, Dicke 40 mm 3",91.11,"Entsorgung, Isolierverglasung 3-fach, Ug-Wert 0.6 W/m2K, Dicke 40 mm",,m2,110’000,103’000,7’690,271,267,267,0,4,16,16,16,0,0,255,251,251,0,4,67.9,62.2,5.71,0,
5.013,"Fenster, Sonnenschutz, Fassadenverkleidungen",D6D60F63-0AC6-4F65-A665-23893EFE55EE,"Isolierverglasung 3-fach, ESG/ESG, Ug-Wert 0.6 W/m2K 3",91.11,"Entsorgung, Isolierverglasung 3-fach, Ug-Wert 0.6 W/m2K, Dicke 40 mm",,m2,143’000,135’000,7’690,386,382,382,0,4,33,32,32,0,0,353,349,349,0,4,83.4,77.7,5.71,0,
5.014,"Fenster, Sonnenschutz, Fassadenverkleidungen",9D1F01AD-FA63-4F98-AFF3-157F4000D8B3,"Isolierverglasung 3-fach, ESG/ESG/ESG, Ug-Wert 0.6 W/m2K 3",91.11,"Entsorgung, Isolierverglasung 3-fach, Ug-Wert 0.6 W/m2K, Dicke 40 mm",,m2,159’000,151’000,7’690,443,439,439,0,4,41,41,41,0,0,402,398,398,0,4,91.2,85.5,5.71,0,
5.015,"Fenster, Sonnenschutz, Fassadenverkleidungen",14DFC8C9-C915-43A2-AE52-7B78F5948269,"Isolierverglasung 3-fach, VSG, Ug-Wert 0.6 W/m2K 3",91.113,"Entsorgung, Isolierverglasung 3-fach, Float/ESG/VSG, Ug-Wert 0.6 W/m2K",,m2,168’000,156’000,11’500,439,433,433,0,6,27,26,26,0,1,412,406,406,0,6,103,94.2,8.79,0,
5.016,"Fenster, Sonnenschutz, Fassadenverkleidungen",C17242EF-5C5D-430E-A900-4449A1BC8082,"Isolierverglasung 3-fach, ESG/VSG, Ug-Wert 0.6 W/m2K 3",91.113,"Entsorgung, Isolierverglasung 3-fach, Float/ESG/VSG, Ug-Wert 0.6 W/m2K",,m2,186’000,174’000,11’500,500,494,494,0,6,35,35,35,0,1,465,459,459,0,6,112,103,8.79,0,
5.02,"Fenster, Sonnenschutz, Fassadenverkleidungen",8A64F51B-96D1-418F-8698-65A2DFC2F6E0,Putzträgerplatte kunstharzgebunden 13 mm,91.116,"Entsorgung, Putzträgerplatte kunstharzgebunden",6.3,m2,16700,16400,269,47.9,48,48,0,0,3.58,4,4,0,0,44.3,44,44,0,0,8.12,8.04,0.0807,0,
5.021,"Fenster, Sonnenschutz, Fassadenverkleidungen",A2E56139-B17E-48D2-AA28-1FBBBDE730B0,Putzträgerplatte mineralisch gebunden 12.5 mm,91.117,"Entsorgung, Putzträgerplatte mineralisch gebunden",14.4,m2,9940,9320,615,21.5,21,21,0,1,2.44,2,2,0,0,19.1,18,18,0,1,6.32,6.13,0.185,0,"Aufgrund eines Fehlers in den Daten zu Armierungsstahl (ID 006.03) waren die publizierten Umweltkennwerte zu dieser Position um ca. 25 % zu hoch. Die berichtigten Werte werden wir Ihnen demnächst in einer aktualisierten Version dieser Excel-Liste 2009/1:2022 zur Verfügung stellen. Im Weiteren erfolgt eine grundsätzliche Überprüfung der Daten zu Armierungsstahl, was zu einer zusätzlichen Anpassung der Werte dieser Position führen kann.
En raison d'une erreur dans les données relatives à l'acier d'armature (ID 006.03), les valeurs environnementales publiées pour ce poste étaient trop élevées d'environ 25 %. Nous mettrons prochainement à votre disposition les valeurs corrigées dans une version actualisée de cette liste Excel 2009/1:2022. Par ailleurs, une vérification fondamentale des données relatives à l'acier d'armature est en cours, ce qui peut conduire à une adaptation supplémentaire des valeurs de ce poste."
5.026,"Fenster, Sonnenschutz, Fassadenverkleidungen",bbb96c85-8f12-4104-b774-2203f3d542e6,"Rahmenverbreiterung, PVC",91.17,"Entsorgung, Rahmenverbreiterung, PVC",15,m2,99800,66500,33300,348,335,239,96,14,41.8,41,33,8,1,306,294,206,88,13,69.7,39.6,30.1,1,
5.027,"Fenster, Sonnenschutz, Fassadenverkleidungen",9430b1e1-54b2-4105-8516-8c4ae46612d8,"Rahmenverbreiterung, Spanplatte",91.171,"Entsorgung, Rahmenverbreiterung, Spanplatte",17.8,m2,43600,36000,7600,219,215,127,88,4,94.4,94,35,59,0,124,121,92,29,4,26.1,19.5,6.59,7,
5.018,"Fenster, Sonnenschutz, Fassadenverkleidungen",E236578E-CD94-4A5B-8102-258340AD9D3E,"Sonnenschutz, Ausstellstoren motorisiert 4",91.104,"Entsorgung, Sonnenschutz, Ausstellstoren motorisiert",,m2,151’000,149’000,2’110,318,318,314,4,1,36,35,35,0,0,283,282,278,4,1,68,66,2,0,
5.017,"Fenster, Sonnenschutz, Fassadenverkleidungen",9E4B8BDA-989A-484D-BFB1-E6CB90491CC4,"Sonnenschutz, Lamellenstoren motorisiert 4",91.115,"Entsorgung, Sonnenschutz, Lamellenstoren motorisiert",,m2,133’000,131’000,1’620,281,280,280,0,0,32,32,32,0,0,249,249,249,0,0,60,59,1,0,
5.019,"Fenster, Sonnenschutz, Fassadenverkleidungen",D69BFDA2-373D-4794-BF31-42FAD621E4FB,"Sonnenschutz, Rollladen motorisiert 4",91.118,"Entsorgung, Sonnenschutz, Rollladen motorisiert",,m2,168’000,167’000,801,358,357,357,0,0,44,44,44,0,0,314,313,313,0,0,75,74,1,0,
6.001,Metallbaustoffe,122994E0-6AE3-48F8-97C2-633125609F3E,"Aluminiumblech, blank",91.141,"Entsorgung, Nichteisenmetalle",2’690,kg,12’500,12’500,19.9,30,30,30,0,0,5,5,5,0,0,25,25,25,0,0,5.59,5.58,0.00798,0,
6.002,Metallbaustoffe,9D19FB5F-33F0-44B4-9489-B6E224103955,"Aluminiumprofil, blank",91.141,"Entsorgung, Nichteisenmetalle",2’690,kg,11’500,11’400,19.9,31,31,31,0,0,5,5,5,0,0,26,26,26,0,0,5.7,5.69,0.00798,0,
6.003,Metallbaustoffe,1F33844F-91D2-4363-B328-904E15110A1C,Armierungsstahl,91.142,"Entsorgung, Armierungsstahl",7’850,kg,,,,,,,,,,,,,,,,,,,,,,0,"Aufgrund eines Fehlers in den Daten zu Armierungsstahl (ID 006.03) waren die publizierten Umweltkennwerte zu dieser Position um ca. 25 % zu hoch. Die berichtigten Werte werden wir Ihnen demnächst in einer aktualisierten Version dieser Excel-Liste 2009/1:2022 zur Verfügung stellen. Im Weiteren erfolgt eine grundsätzliche Überprüfung der Daten zu Armierungsstahl, was zu einer zusätzlichen Anpassung der Werte dieser Position führen kann.
En raison d'une erreur dans les données relatives à l'acier d'armature (ID 006.03), les valeurs environnementales publiées pour ce poste étaient trop élevées d'environ 25 %. Nous mettrons prochainement à votre disposition les valeurs corrigées dans une version actualisée de cette liste Excel 2009/1:2022. Par ailleurs, une vérification fondamentale des données relatives à l'acier d'armature est en cours, ce qui peut conduire à une adaptation supplémentaire des valeurs de ce poste."
6.014,Metallbaustoffe,1483FF58-F07C-4ED4-A422-3E72A667D1A7,Blei,91.141,"Entsorgung, Nichteisenmetalle",11’340,kg,3’810,3’790,19.9,4.1,4,4,0,0,0.2,0,0,0,0,3.8,4,4,0,0,1.02,1.01,0.00798,0,
6.004,Metallbaustoffe,0FE00428-0CF6-4CC1-A4B1-BA186F56D57E,Chromnickelstahlblech 18/8 blank,91.143,"Entsorgung, Stahl",7’900,kg,9’710,9’700,11.2,17,17,17,0,0,2.4,2,2,0,0,14.6,15,15,0,0,4.12,4.12,0.00699,0,
6.005,Metallbaustoffe,7AD1957E-FC33-43A8-88F8-2A4DD83A362A,Chromnickelstahlblech 18/8 verzinnt,91.143,"Entsorgung, Stahl",7’900,kg,13’000,13’000,11.2,24.9,25,25,0,0,2.7,3,3,0,0,22.3,22,22,0,0,5.88,5.88,0.00699,0,
6.006,Metallbaustoffe,75CC3E80-7E5F-4E12-898A-03966A87E3E6,Chromstahlblech blank,91.143,"Entsorgung, Stahl",7’700,kg,7’080,7’070,11.2,9.5,9,9,0,0,1,1,1,0,0,8.5,9,9,0,0,2.74,2.73,0.00699,0,
6.007,Metallbaustoffe,4594A8BF-8167-4183-9A45-CB64DF6D95B8,Chromstahlblech verzinnt,91.143,"Entsorgung, Stahl",7’700,kg,10’400,10’400,11.2,17.5,17,17,0,0,1.2,1,1,0,0,16.2,16,16,0,0,4.5,4.49,0.00699,0,
6.008,Metallbaustoffe,92E11D9B-9BC5-4032-BB06-2082CE3D8AFD,"Kupferblech, blank",91.141,"Entsorgung, Nichteisenmetalle",8’900,kg,24’500,24’500,19.9,10.5,11,11,0,0,1.6,2,2,0,0,8.9,9,9,0,0,2.21,2.2,0.00798,0,
6.009,Metallbaustoffe,EB9E1E6E-6F40-4CB7-B373-5D66FD146CF5,Messing-/Baubronzeblech,91.141,"Entsorgung, Nichteisenmetalle",8’300,kg,25’500,25’500,19.9,13,13,13,0,0,1.9,2,2,0,0,11.1,11,11,0,0,2.72,2.71,0.00798,0,
6.01,Metallbaustoffe,38C1572A-3CE8-47C0-B24E-5E924A8AD97E,"Stahlblech, blank",91.143,"Entsorgung, Stahl",7’850,kg,5’270,5’260,11.2,8.4,8,8,0,0,0.6,1,1,0,0,7.8,8,8,0,0,2.8,2.79,0.00699,0,
6.011,Metallbaustoffe,68F8D468-2A49-430A-A94A-A3073A85B029,"Stahlblech, verzinkt",91.143,"Entsorgung, Stahl",7’850,kg,15’200,15’200,11.2,17,17,17,0,0,1.4,1,1,0,0,15.6,16,16,0,0,4.49,4.49,0.00699,0,
6.012,Metallbaustoffe,4DC70979-B6CA-4DA5-A291-6F1A082EE475,"Stahlprofil, blank",91.143,"Entsorgung, Stahl",7’850,kg,1’300,1’280,11.2,3.6,4,4,0,0,0.2,0,0,0,0,3.4,3,3,0,0,0.738,0.731,0.00699,0,
6.013,Metallbaustoffe,3A017EE3-8EAE-4957-9976-39EA72157918,Titanzinkblech,91.141,"Entsorgung, Nichteisenmetalle",7’200,kg,27’800,27’800,19.9,20.1,20,20,0,0,2.6,3,3,0,0,17.5,17,17,0,0,4.03,4.02,0.00798,0,
7.001,Holz und Holzwerkstoffe,BBA9796B-B084-473D-B362-E703FAD37CAA,3- und 5-Schicht Massivholzplatte,91.048,"Entsorgung, Dreischichtplatte",453,kg,1’020,935,80.7,15.4,15,10,5,0,13.3,13,8,5,0,2.2,2,2,0,0,0.471,0.415,0.056,0,
7.021,Holz und Holzwerkstoffe,f346cb73-61fb-4468-b500-3bfc161d80a6,Balkenschichtholz,91.047,"Entsorgung, Brettschichtholz verleimt",439,kg,792,718,74.2,10.2,10,5,5,0,8.6,9,3,5,0,1.6,1,1,0,0,0.343,0.294,0.049,0,
7.003,Holz und Holzwerkstoffe,75F8C2B2-0B4E-4243-93D6-9D8B721B4D12,Brettschichtholz,91.047,"Entsorgung, Brettschichtholz verleimt",439,kg,772,698,74.2,9.7,10,4,5,0,8.1,8,3,5,0,1.54,1,1,0,0,0.336,0.287,0.049,0,
7.02,Holz und Holzwerkstoffe,83c72ece-6641-4675-97f0-a6236caf7e7f,Brettsperrholz,91.145,"Entsorgung, Spanplatte, 10% Bindemittel",436,kg,884,777,107,9.9,10,5,5,0,8.1,8,3,5,0,1.8,2,2,0,0,0.397,0.317,0.08,0.449,
7.022,Holz und Holzwerkstoffe,b914b5f8-ce92-4da0-8c94-055ee668b154,Furniersperrholz,91.145,"Entsorgung, Spanplatte, 10% Bindemittel",823,kg,1’980,1’870,107,14.3,14,9,5,0,9.2,9,5,5,0,5.1,5,4,1,0,1.02,0.944,0.08,0,
7.004,Holz und Holzwerkstoffe,99B2F7E4-22F3-4C8E-9C76-D3CBADA830E2,Hartfaserplatte,91.049,"Entsorgung, Holzfaserplatte hart",955,kg,1’770,1’700,68.8,11.2,11,6,5,0,7,7,2,5,0,4.1,4,4,0,0,1.07,1.03,0.044,0,
7.005,Holz und Holzwerkstoffe,C916FBF8-EB8F-43A7-9D11-9E92CF9F083D,"Holzwolle-Leichtbauplatte, zementgebunden",91.144,"Entsorgung, Verbundmaterialien, organisch-mineralisch",400,kg,773,687,86.5,3.3,3,2,2,0,2,2,0,2,0,1.28,1,1,0,0,0.536,0.499,0.0363,0,
7.023,Holz und Holzwerkstoffe,dff243df-ce92-429c-b6f4-a1e3ca114b16,Konstruktionsvollholz,91.049,"Entsorgung, Holzfaserplatte hart",436,kg,691,622,68.8,9.5,9,4,5,0,8.3,8,3,5,0,1.25,1,1,0,0,0.29,0.245,0.0443,0,
7.008,Holz und Holzwerkstoffe,5452FFFF-13C9-4D8B-803B-E644F35A3325,"Massivholz Buche / Eiche, kammergetrocknet, gehobelt",91.052,"Entsorgung, Holz und Holzwerkstoffe, Massivholz",675,kg,438,375,63.3,7.9,8,3,5,0,7.3,7,2,5,0,0.66,1,1,0,0,0.153,0.114,0.0392,0,
7.007,Holz und Holzwerkstoffe,9AC95A58-6438-48B7-BB6A-B07B6F4CFB6A,"Massivholz Buche / Eiche, kammergetrocknet, rau",91.052,"Entsorgung, Holz und Holzwerkstoffe, Massivholz",675,kg,393,330,63.3,7.7,8,3,5,0,7.1,7,2,5,0,0.57,0,0,0,0,0.136,0.097,0.0392,0,
7.006,Holz und Holzwerkstoffe,531C8578-0D4B-469A-ACE5-8E3A536FC47C,"Massivholz Buche / Eiche, luftgetrocknet, rau",91.052,"Entsorgung, Holz und Holzwerkstoffe, Massivholz",705,kg,324,261,63.3,6.7,7,2,5,0,6.2,6,2,5,0,0.48,0,0,0,0,0.121,0.0817,0.0392,0,
7.011,Holz und Holzwerkstoffe,3D89DC7F-1638-4C94-AFA8-DC31CAC210BC,"Massivholz Fichte / Tanne / Lärche, kammergetr., gehobelt",91.052,"Entsorgung, Holz und Holzwerkstoffe, Massivholz",465,kg,478,415,63.3,6.8,7,2,5,0,6.1,6,1,5,0,0.78,1,1,0,0,0.174,0.135,0.0392,0,
7.01,Holz und Holzwerkstoffe,C6FE17BA-12BD-4454-B0F0-74CA8C665D6B,"Massivholz Fichte / Tanne / Lärche, luftgetr., gehobelt",91.052,"Entsorgung, Holz und Holzwerkstoffe, Massivholz",485,kg,402,339,63.3,5.9,6,1,5,0,5.2,5,0,5,0,0.67,1,1,0,0,0.157,0.118,0.0392,0,
7.009,Holz und Holzwerkstoffe,EB82F166-04B1-49F0-A586-FD8F92824196,"Massivholz Fichte / Tanne / Lärche, luftgetrocknet, rau",91.052,"Entsorgung, Holz und Holzwerkstoffe, Massivholz",485,kg,318,255,63.3,5.5,5,1,5,0,5,5,0,5,0,0.51,0,0,0,0,0.13,0.0909,0.0392,0,
7.012,Holz und Holzwerkstoffe,962B816C-DBD4-445F-8392-E4F8532069C8,"Mitteldichte Faserplatte (MDF), UF-gebunden",91.05,"Entsorgung, Faserplatte mittlerer Dichte (MDF)",685,kg,1’550,1’420,129,10.3,10,4,6,0,5.9,6,1,5,0,4.5,4,3,1,0,0.956,0.856,0.1,0,
7.013,Holz und Holzwerkstoffe,BD66B05D-27E3-4ADF-85A2-E0ABBBA686A5,"OSB Platte, PF-gebunden, Feuchtbereich",91.145,"Entsorgung, Spanplatte, 10% Bindemittel",605,kg,1’030,925,107,11,11,5,6,0,8.3,8,3,5,0,2.7,3,2,1,0,0.565,0.485,0.08,0,
7.024,Holz und Holzwerkstoffe,2ec4e1b4-5694-4169-b734-b38c2365aaac,Röhrenspanplatte,91.145,"Entsorgung, Spanplatte, 10% Bindemittel",272,kg,1’350,1’240,107,10.5,10,5,6,0,6.9,7,2,5,0,3.7,4,3,1,0,0.815,0.735,0.08,0,
7.015,Holz und Holzwerkstoffe,F54AEECA-7B3B-4ACE-B4CB-88527B1C903C,"Spanplatte, PF-gebunden, Feuchtbereich",91.145,"Entsorgung, Spanplatte, 10% Bindemittel",640,kg,889,782,107,6.9,7,2,4,0,4.4,4,1,4,0,2.56,2,2,1,0,0.531,0.451,0.08,0,
7.016,Holz und Holzwerkstoffe,FB830352-0350-46F9-BF46-73733C576386,"Spanplatte, UF-gebunden, beschichtet, Trockenbereich",91.057,"Entsorgung, Spanplatte, 10% Bindemittel, 3.5% MF-gebunden",640,kg,1’210,1’090,122,8.4,8,4,5,0,4.7,5,1,3,0,3.7,4,2,1,0,0.737,0.642,0.095,0,
7.014,Holz und Holzwerkstoffe,E88CFF0D-059B-4E8A-93BC-A4E3A917A2F6,"Spanplatte, UF-gebunden, Trockenbereich",91.145,"Entsorgung, Spanplatte, 10% Bindemittel",640,kg,889,782,107,6.9,7,2,4,0,4.4,4,1,4,0,2.6,2,2,1,0,0.531,0.451,0.08,0,
7.018,Holz und Holzwerkstoffe,32B17B00-83C9-412F-899B-03B8DB3781BF,"Sperrholz/Multiplex, PF-gebunden, Feuchtbereich",91.145,"Entsorgung, Spanplatte, 10% Bindemittel",500,kg,2’880,2’770,107,17,17,12,5,0,10,10,6,4,0,7,7,6,1,0,1.43,1.35,0.08,0,
7.017,Holz und Holzwerkstoffe,55C3FB36-27C5-40BB-B51C-715C9F2984FE,"Sperrholz/Multiplex, UF-gebunden, Trockenbereich",91.145,"Entsorgung, Spanplatte, 10% Bindemittel",500,kg,2’150,2’040,107,14.7,15,10,5,0,10,10,6,4,0,4.7,5,4,1,0,0.95,0.871,0.08,0,
7.019,Holz und Holzwerkstoffe,134906e4-dbd4-42e3-828c-e819fea6a651,"Stabschichtholz, Buche",,,,,,,,,,,,,,,,,,,,,,,,,,,
8.001,Klebstoffe und Fugendichtungsmassen,21330D47-1D7A-36C8-7F0E-CB11F4CB2767,2-Komponenten Klebstoff,91.146,"Entsorgung, Kleb-, Dichtstoffe, Anstriche",1’500,kg,10’100,9’910,236,24.6,25,25,0,0,0.4,0,0,0,0,24.3,24,24,0,0,4.84,4.65,0.19,0,
8.002,Klebstoffe und Fugendichtungsmassen,CA0CC8C0-0CF0-4DE4-A9E8-C3B416365119,Heissbitumen,91.146,"Entsorgung, Kleb-, Dichtstoffe, Anstriche",1’000,kg,2’050,1’810,236,15,15,3,12,0,0.1,0,0,0,0,15,15,3,12,0,1.1,0.911,0.19,0,
8.003,Klebstoffe und Fugendichtungsmassen,9831C103-3AC5-439B-9BF1-3C1976328C98,Kautschukdichtungsmasse,91.146,"Entsorgung, Kleb-, Dichtstoffe, Anstriche",1’500,kg,6’880,6’640,236,24.7,25,17,8,0,0.3,0,0,0,0,24.4,24,16,8,0,2.42,2.24,0.19,0,
8.004,Klebstoffe und Fugendichtungsmassen,0732FA24-108B-41A5-A86B-71ADB88B5F21,Polysulfiddichtungsmasse,91.146,"Entsorgung, Kleb-, Dichtstoffe, Anstriche",1’600,kg,2’890,2’660,236,8.2,8,7,1,0,0.4,0,0,0,0,7.8,8,7,1,0,1.72,1.53,0.19,0,
8.005,Klebstoffe und Fugendichtungsmassen,85E73CA0-F8D0-4F4D-BA4F-074E3BBD8A31,Silicon-Fugenmasse,91.146,"Entsorgung, Kleb-, Dichtstoffe, Anstriche",1’000,kg,4’580,4’340,236,16.3,16,8,8,0,1.9,2,2,0,0,14.5,14,6,8,0,2.91,2.72,0.19,0,
9.001,Dichtungsbahnen und Schutzfolien,01CD6F3D-BD57-4002-A3FB-6CD6DF5868D7,Dampfbremse bituminös,91.172,"Entsorgung, Dichtungsbahnen und Schutzfolien, Dampfbremse Bitumen",1’100,kg,5’230,2’790,2’430,14.1,14,6,8,0,0.7,1,1,0,0,13.5,13,6,8,0,3.64,1.31,2.33,0,
9.002,Dichtungsbahnen und Schutzfolien,5155BF82-EBE7-4FE9-A0C3-3B52FF372827,Dampfbremse Polyethylen (PE),91.037,"Entsorgung, Dichtungsbahnen und Schutzfolien, Dampfbremse PE",920,kg,6’930,4’120,2’810,25.7,25,14,11,0,0.9,1,1,0,0,24.8,25,13,11,0,5.42,2.75,2.67,0,
9.003,Dichtungsbahnen und Schutzfolien,7BA5DD3A-06EF-4108-853B-3687B698FF22,Dichtungsbahn bituminös,91.172,"Entsorgung, Dichtungsbahnen und Schutzfolien, Dampfbremse Bitumen",1’100,kg,4’360,1’930,2’430,12.6,12,5,7,0,0.3,0,0,0,0,12.3,12,5,7,0,3.34,1.01,2.33,0,
9.004,Dichtungsbahnen und Schutzfolien,90159AF7-455B-4996-A1AC-6D5B6E3242F4,Dichtungsbahn Gummi (EPDM),91.147,"Entsorgung, Dichtungsbahnen und Schutzfolien, EPDM",1’100,kg,8’110,4’870,3’240,25.5,25,17,8,0,0.8,1,1,0,0,24.7,25,16,8,0,5.84,2.74,3.1,0,
9.005,Dichtungsbahnen und Schutzfolien,CFA0CA34-15A6-4D99-AEC3-CA60F46DBE4D,Dichtungsbahn Polyolefin (FPO),91.148,"Entsorgung, Dichtungsbahnen und Schutzfolien, Polyolefin",1’000,kg,7’880,5’070,2’810,23.6,23,12,12,0,0.4,0,0,0,0,23.2,23,11,12,0,5.19,2.52,2.67,0,
9.006,Dichtungsbahnen und Schutzfolien,5C26C97A-D10C-49A8-815E-06A340CCC448,Kraftpapier,91.149,"Entsorgung, Kraft-Papier",650,kg,3’460,3’250,207,20.7,21,16,5,0,13,13,8,5,0,7.7,8,8,0,0,1.67,1.62,0.0586,0,
9.007,Dichtungsbahnen und Schutzfolien,D4BF6599-6623-4AE5-9D50-8EDDB6B05F41,Polyethylenfolie (PE),91.037,"Entsorgung, Dichtungsbahnen und Schutzfolien, Dampfbremse PE",920,kg,6’930,4’120,2’810,25.7,25,14,12,0,0.9,1,1,0,0,24.8,25,13,12,0,5.42,2.75,2.67,0,
9.008,Dichtungsbahnen und Schutzfolien,FD71B629-B98E-47C8-ADA4-513631C0896B,Polyethylenvlies (PE),91.037,"Entsorgung, Dichtungsbahnen und Schutzfolien, Dampfbremse PE",920,kg,7’100,4’290,2’810,26.5,26,15,12,0,0.5,1,1,0,0,26,26,14,12,0,5.63,2.96,2.67,0,
10.014,Wärmedämmstoffe,9EC4E12B-5E75-4A0B-84DA-A1A5F152A4BC,Aerogel-Vlies,91.119,"Entsorgung, Aerogel-Vlies",150,kg,73600,73200,409,242,241,241,0,0,12.1,12,12,0,0,230,229,229,0,0,48.8,48.5,0.289,0,
10.012,Wärmedämmstoffe,E6773968-F9C9-4782-A5CD-78B9B1164571,Blähperlit,91.136,"Entsorgung, Baumaterialien, mineralisch, unspezifisch",65-140,kg,1460,1420,42.7,4.6,5,5,0,0,0.2,0,0,0,0,4.5,4,4,0,0,1.06,1.04,0.0128,0,
10.011,Wärmedämmstoffe,A0A69B33-B2C9-4DE4-BA2E-770C2A4EF76A,Blähvermiculit,91.136,"Entsorgung, Baumaterialien, mineralisch, unspezifisch",65-140,kg,690,647,42.7,1.6,2,2,0,0,0,0,0,0,0,1.56,2,2,0,0,0.396,0.383,0.0128,0,
10.016,Wärmedämmstoffe,7A1681B7-2F34-4B51-BF2D-D4C9C33CFCA5,Flachsfasern,91.121,"Entsorgung, Flachsfaser-Dämmung",30,kg,2’950,2’570,372,11.3,11,6,5,0,6,6,1,5,0,5.3,5,5,0,0,1.01,0.78,0.235,0,
10.017,Wärmedämmstoffe,CC513F17-747F-4776-ABFA-9C78FF26A557,"Flachsfasern, feuerfest",91.121,"Entsorgung, Flachsfaser-Dämmung",30,kg,3’530,3’160,372,13,13,8,5,0,5.5,5,0,5,0,7.5,7,7,0,0,1.45,1.22,0.235,0.44,
10.001,Wärmedämmstoffe,43B03F61-91A1-438E-B958-6E274F13B241,Glaswolle,91.173,"Entsorgung, Dämmstoff, mineralisch",20-100,kg,1’960,1’850,116,7.8,8,8,0,0,2.4,2,2,0,0,5.5,5,5,0,0,1.1,1.04,0.0596,0,
10.002,Wärmedämmstoffe,42A8911C-62FF-4A4B-ACD8-31E4148787E8,Korkplatte,91.15,"Entsorgung, Korkplatte",120,kg,2’170,2’000,173,14.2,14,9,5,0,7.9,8,4,4,0,6.2,6,5,1,0,1.11,1.07,0.039,0.496,
10.003,Wärmedämmstoffe,4F352DCA-9E8B-49E4-98B6-F10BA797180E,Phenolharz (PF),91.151,"Entsorgung, Dämmstoff, organisch, Polystyrol",40,kg,10’000,6’740,3’280,34,34,27,7,0,1,1,1,0,0,34,33,26,7,0,7.27,4.17,3.09,0,
10.004,Wärmedämmstoffe,9F6CB547-DC00-4900-8FB4-A37135F510B4,Polystyrol expandiert (EPS),91.151,"Entsorgung, Dämmstoff, organisch, Polystyrol",15-40,kg,9’800,6’520,3’280,31,30,21,9,0,1,1,1,0,0,30,30,21,9,0,7.6,4.51,3.09,0,
10.005,Wärmedämmstoffe,604F2ECA-F888-49C4-9FA5-C206BC37E889,Polystyrol extrudiert (XPS),91.151,"Entsorgung, Dämmstoff, organisch, Polystyrol",30-35,kg,19’700,16’500,3’280,30,30,21,9,0,1,1,1,0,0,29.4,29,20,9,0,14.4,11.3,3.09,0,
10.006,Wärmedämmstoffe,D23B8D09-6CCC-42B7-B54D-B67BEEEC54DD,Polyurethan (PUR/PIR),91.039,"Entsorgung, Wäremdämmstoffe Polyurethan",30,kg,10’400,7’500,2’930,31,30,22,9,1,1,1,1,0,0,30,30,21,9,1,7.45,4.8,2.65,0,
10.007,Wärmedämmstoffe,328C6FA7-DA92-462A-9CC7-6D0DB5CCE2D3,Schaumglas,91.136,"Entsorgung, Baumaterialien, mineralisch, unspezifisch",100-165,kg,1’760,1’720,42.7,7.1,7,7,0,0,1.9,2,2,0,0,5.2,5,5,0,0,1.19,1.18,0.0128,0,
10.013,Wärmedämmstoffe,BEB5B222-85E0-44DB-891D-851DF16EEA31,Schaumglasschotter,91.136,"Entsorgung, Baumaterialien, mineralisch, unspezifisch",125-150,kg,499,457,42.7,2,2,2,0,0,0.3,0,0,0,0,1.7,2,2,0,0,0.16,0.15,0.0128,0,
10.008,Wärmedämmstoffe,A3BBA042-97AF-4B5C-AF00-E049CEF1A557,Steinwolle,91.173,"Entsorgung, Dämmstoff, mineralisch",32-160,kg,1’790,1’670,116,5,5,5,0,0,0.5,1,1,0,0,4.5,4,4,0,0,1.19,1.13,0.0596,0,
10.015,Wärmedämmstoffe,92766C16-5D0D-44ED-9F92-C15AA32DECCE,Strohballenwand,91.122,"Entsorgungsmix, Strohballenwand",215,kg,586,586,0,5.1,5,0,5,0,4.9,5,0,5,0,0.2,0,0,0,0,0.1,0.1,0,0.368,
10.009,Wärmedämmstoffe,B9689582-8BDE-4FE1-849D-BBBED840E410,Weichfaserplatte,91.051,"Entsorgung, Weichfaserplatte",148,kg,1400,1180,228,10.5,10,5,6,0,7.1,7,2,5,0,3.4,3,3,1,0,0.727,0.634,0.0926,0.436,
10.01,Wärmedämmstoffe,858771D5-96F5-42C9-AEE3-51D3BE1879F7,Zellulosefasern,91.046,"Entsorgung, Papier",35-60,kg,558,396,163,1.31,1,1,0,0,0.26,0,0,0,0,1.05,1,1,0,0,0.281,0.21,0.0715,0.404,
11.001,Bodenbeläge,D5660BDD-EC47-4D6A-B3C1-3EA06F77EA89,"2K-Fliessbelag Industrie (Epoxidharz), 2.25 mm",91.002,"Entsorgung, 2K-Fliessbelag Industrie",4.55,m2,41’800,33’500,8’250,67,64,55,9,2,2,1,1,0,0,65,63,54,9,2,18.4,11.2,7.24,0,
11.002,Bodenbeläge,4E8C7D2C-2FC7-4E38-AB39-049E58E9CFCC,"2K-Fliessbelag Wohnen/Verwaltung (Epoxidharz, PU), 2 mm",91.003,"Entsorgung, 2K-Fliessbelag Wohnen",3.6,m2,25’800,21’300,4’540,64,63,60,2,2,2,2,2,0,0,62,61,58,2,1,13.9,10,3.87,0,
11.003,Bodenbeläge,2F71DB77-CF3D-49DC-8DCA-C25203ED860B,"Gummigranulat versiegelt, 7.5 mm",91.004,"Entsorgung, Bodenbelag organisch, Gummigranulat",8.25,m2,38’800,25’400,13’400,115,112,94,18,3,3,2,2,0,0,113,110,92,18,3,26.9,14.9,11.9,0,
11.004,Bodenbeläge,B0C749DA-292B-417D-8E38-65766E052FBC,"Gussasphalt, 27.5 mm",91.001,"Entsorgung, Asphalt, 0.1% Wasser, in Reaktordeponie",63.3,m2,33’800,24’700,9’080,129,124,65,58,6,3,3,3,0,0,126,120,62,58,5,16,14.7,1.23,0,
11.005,Bodenbeläge,FC78B567-FFF2-432F-98A2-07A1420AA8BD,"Hartbeton einschichtig, 27.5 mm",91.005,"Entsorgung, Bodenbelag, Hartbeton einschichtig",57.8,m2,26’600,24’100,2’470,49,46,46,0,3,2,2,2,0,0,47,44,44,0,3,16.5,15.7,0.741,0,
11.006,Bodenbeläge,160EF365-BB74-41C8-AF40-5256811D83C3,"Hartbeton zweischichtig, 35 mm",91.006,"Entsorgung, Bodenbelag, Hartbeton zweischichtig",73.5,m2,27’300,24’100,3’140,44,40,40,0,4,2,2,2,0,0,42,38,38,0,4,16.4,15.5,0.942,0,
11.007,Bodenbeläge,63EE2517-0078-4246-B833-08D253528653,"Kautschuk, 2 mm",91.007,"Entsorgung, Bodenbelag, Kautschuk",3.36,m2,24’200,20’400,3’760,71,70,62,7,1,10,10,10,0,0,61,60,53,7,1,14.2,11,3.19,0,
11.008,Bodenbeläge,414EEBBE-85C4-4869-A411-29C0097ADA38,"Keramik-/Steinzeugplatte, 9 mm",91.152,"Entsorgung, Keramikziegel",18,m2,87’000,73’100,13’800,88,70,70,0,18,4,4,4,0,1,83,66,66,0,17,18.2,14.1,4.15,0,
11.009,Bodenbeläge,09B8473A-DDB4-42D4-977E-C9CA914B54AC,"Kork Fertigparkett, 10.5 mm",91.008,"Entsorgung, Korkparkett",7.8,m2,15’600,13’400,2’140,84,83,46,37,1,39,39,8,31,0,45,44,38,6,1,9.08,7.78,1.3,3,
11.01,Bodenbeläge,BF645614-152F-4820-8AA9-45B474C60CE2,"Kork PVC-beschichtet, 3.2 mm",91.009,"Entsorgung, Bodenbelag, Kork PVC-beschichtet",2.7,m2,12’000,7’900,4’060,43,42,32,10,2,8,8,3,6,0,35,33,29,4,1,8.28,4.76,3.53,1,
11.011,Bodenbeläge,32D89BCF-BBDA-4EC1-B2B8-E4EE731B5D82,"Korkparkett geölt/versiegelt, 5.3 mm",91.008,"Entsorgung, Korkparkett",2.7,m2,5’980,3’840,2’140,24.4,23,16,7,1,12.3,12,5,7,0,12.1,11,11,0,1,3.26,1.96,1.3,1,
11.012,Bodenbeläge,D6E43E7F-94A3-46BC-8327-A37DC2283E3A,"Kunststeinplatte zementgebunden, 10 mm",91.153,"Entsorgung, Kunststeinziegel",21.5,m2,25’900,6’110,19’800,32.2,7,7,0,25,1.8,1,1,0,1,30.5,6,6,0,24,10.4,4.51,5.92,0,
11.013,Bodenbeläge,927E7BE7-E17F-4B77-B6A5-F1E755ED4C9D,"Laminat, 8.5 mm",91.011,"Entsorgung, Laminat, 5% Bindemittel",8.5,m2,16’600,13’600,2’980,81,79,31,49,2,38,38,3,35,0,43,41,28,13,1,10.4,8.12,2.3,2,
11.014,Bodenbeläge,219ECD16-D974-452B-9D34-CB93A1C2087D,"Linoleum, 2.5 mm",91.012,"Entsorgung, Linoleum, 15% Bindemittel",2.9,m2,15’800,15’100,731,46,45,35,10,0,19,19,9,10,0,26.3,26,26,0,0,6.37,5.85,0.517,1,
11.015,Bodenbeläge,A94BDF7C-82AA-49BB-A7D8-BA6C9DE53D49,"Natursteinplatte geschliffen, 15 mm",91.154,"Entsorgung, Natursteinziegel",40.5,m2,42’100,40’400,1’730,138,136,136,0,2,19,19,19,0,0,118,116,116,0,2,17,16.5,0.519,0,
11.018,Bodenbeläge,E7E6539A-A99C-41CA-B367-9F23E95AB60B,"Parkett 2-Schicht werkversiegelt, 11 mm",91.013,"Entsorgung, Holzparkett, 2-Schicht",6.1,m2,16’100,15’700,493,130,129,99,30,1,88,88,58,29,0,42,42,41,1,1,7.8,7.49,0.34,3,
11.019,Bodenbeläge,3A16EE50-78D2-41C3-B04C-081938045128,"Parkett 3-Schicht werkversiegelt, 15 mm",91.014,"Entsorgung, Holzparkett, 3-Schicht",7.9,m2,18’200,17’600,638,186,185,145,40,1,145,145,106,39,0,40,40,39,1,1,8.1,7.7,0.44,4,
11.02,Bodenbeläge,3CBF6DF7-FB0E-43EC-B297-DFBA6B9E4283,"Parkett Mosaik werkversiegelt, 8 mm",91.015,"Entsorgung, Holzparkett Mosaik",5.6,m2,9’050,8’700,355,113,113,88,25,1,90,90,65,25,0,23,23,23,0,0,3.6,3.37,0.22,2,
11.021,Bodenbeläge,07714EA8-1659-4E92-BF5B-CE52120C7B4F,"PVC homogen, 2 mm",91.016,"Entsorgung, Kunststoffe, PVC",3.1,m2,20’600,13’500,7’140,60,57,49,8,4,2,2,2,0,0,58,55,47,8,3,14.4,8.17,6.22,0,
11.022,Bodenbeläge,9C7A2743-77DD-4CE8-B1C7-A412157B907C,"Steinholz versiegelt, 16.5 mm",91.017,"Entsorgung, Steinholzboden",22,m2,16’400,15’500,940,26.1,25,25,0,1,1,1,1,0,0,25.2,24,24,0,1,13,12.7,0.282,0,
11.023,Bodenbeläge,C8140CBD-C5D3-40B0-9AEF-498C98AD7909,"Synthetische thermoplastische Beläge (TPO), 2 mm",91.018,"Entsorgung, synthetische thermoplastische Beläge (TPO)",3.4,m2,20’000,9’520,10’500,47,46,33,12,1,3,3,3,0,0,43,43,30,12,1,16,5.88,10.1,0,
11.024,Bodenbeläge,92E45A3D-900C-4492-ADA8-61B2DD0019C8,Teppich Kunstfaser getuftet,91.019,"Entsorgung, Teppich Kunstfaser getuftet",2.1,m2,21’200,14’700,6’470,51,50,39,11,0,1,1,1,0,0,50,50,38,11,0,16.7,10.5,6.25,0,
11.025,Bodenbeläge,E5FD6450-C5AC-4847-BCCD-D0F029C154E6,Teppich Nadelfilz,91.02,"Entsorgung, Teppich Nadelfilz",1.3,m2,12’700,8’700,4’010,35,35,24,10,0,1,1,1,0,0,34,34,24,10,0,9.85,5.98,3.87,0,
11.026,Bodenbeläge,9C22D41F-BB8A-428D-A09A-853D819ABCDF,Teppich Naturfaser,91.021,"Entsorgung, Teppich Naturfaser",2.7,m2,15’300,13’200,2’070,26.4,26,14,12,0,10.9,11,1,9,0,15.5,15,13,2,0,5.08,3.23,1.86,1,
11.027,Bodenbeläge,3C9838E9-2A6B-46EF-B6B7-E310A1B0A6B8,"Terrazzo versiegelt, 40 mm",91.022,"Entsorgung, Terrazzo",95,m2,28’200,24’200,4’060,45,40,40,0,5,4,4,4,0,0,41,36,36,0,5,17.3,16.1,1.22,0,
12.005,Türen,35881663-8dbf-472c-8690-957d157a54a2,"Aussentüre, Aluminium, Glaseinsatz",91.162,"Entsorgung, Aussentüre, Aluminium, Glaseinsatz",,m2,395’000,378’000,17’400,1’030,1020,1020,0,6,117,116,116,0,0,912,906,906,0,5,216,201,14.8,0,
12.006,Türen,2c4d1c2a-496b-4d2f-8e9f-ce621e4a1afb,"Aussentüre, Aluminium, Paneelfüllung",91.163,"Entsorgung, Aussentüre, Aluminium, Paneelfüllung",,m2,385’000,375’000,10’500,979,979,979,0,1,142,142,142,0,0,838,837,837,0,1,193,183,10,0,
12.008,Türen,ff27a77b-badc-4527-9373-29f79906804c,"Aussentüre, Holz",91.164,"Entsorgung, Gebäude, Aussentüre, Holz",,m2,125’000,116’000,9’290,548,544,336,207,4,283,283,102,181,0,265,261,234,26,4,62.3,54.7,7.65,16,
12.001,Türen,4C49FCC1-4EF1-41DC-8754-E19D12D113FA,"Aussentüre, Holz, aluminiumbeplankt",91.024,"Entsorgung, Gebäude, Aussentüre, Holz-Aluminium",,m2,231’000,222’000,9’290,834,829,622,207,4,328,328,147,181,0,506,502,475,26,4,116,108,7.65,16,
12.002,Türen,1B535A14-092B-4B01-9882-459671D72379,"Aussentüre, Holz, Glaseinsatz",91.025,"Entsorgung, Gebäude, Aussentüre, Holz-Glas",,m2,161’000,149’000,12’200,605,599,424,175,7,246,246,93,153,0,359,353,331,21,6,85.9,76.2,9.71,13,
12.007,Türen,70161147-1156-4b2d-b954-d6592929a8ef,"Innentüre, Aluminium, Glaseinsatz",91.165,"Entsorgung, Innentüre, Aluminium, Glaseinsatz",,m2,316’000,306’000,10’500,826,822,822,0,4,103,103,103,0,0,723,719,719,0,4,166,158,8.71,0,
12.009,Türen,bfa8d003-c41c-4c53-9875-5c924683a1d2,"Innentüre, Funktionstüre, Holz, Holzrahmen",91.166,"Entsorgung, Gebäude, Funktionstüre, Holz, Holzrahmen",,m2,88’000,79’400,8’550,470,465,246,218,5,279,279,88,191,0,190,185,158,28,5,44.4,37.5,6.87,17,
12.012,Türen,0be05dde-ba72-4acc-bf8d-278e526584d7,"Innentüre, Funktionstüre, Holz, Stahlzarge",91.167,"Entsorgung, Gebäude, Funktionstüre, Holz, Stahlzarge",,m2,181’000,173’000,7’930,588,584,420,164,5,231,231,93,138,0,357,353,326,26,4,97,90.5,6.47,14,
12.004,Türen,A1868DC5-9456-4291-865A-499B33A5FCD1,"Innentüre, Zimmertüre, Holz, Glaseinsatz, Holzrahmen",91.034,"Entsorgung, Gebäude, Innentüre, Holz, Glaseinsatz, Holzrahmen",,m2,109’000,100’000,8’900,455,449,307,142,6,200,200,73,127,0,255,250,235,15,5,59.8,52.9,6.93,11,
12.011,Türen,baf5dab7-6a2d-47f6-a64c-867e2227b969,"Innentüre, Zimmertüre, Holz, Glaseinsatz, Stahlzarge",91.168,"Entsorgung, Gebäude, Innentüre, Holz, Glaseinsatz, Stahlzarge",,m2,202’000,194’000,8’290,574,569,480,88,5,152,152,77,74,0,421,417,403,14,5,112,106,6.54,7,
12.003,Türen,767D89CB-9927-4BDD-ACD3-FCC79C32B97E,"Innentüre, Zimmertüre, Holz, Holzrahmen",91.035,"Entsorgung, Gebäude, Innentüre, Holz, Holzrahmen",,m2,64’600,57’900,6’710,347,343,185,158,4,206,206,67,139,0,141,137,118,19,3,32.4,27,5.4,12,
12.01,Türen,0ea0aaec-c7a6-42ab-97cb-d02848277eb6,"Innentüre, Zimmertüre, Holz, Stahlzarge",91.169,"Entsorgung, Gebäude, Innentüre, Holz, Stahlzarge",,m2,158’000,152’000,6’100,465,462,358,104,3,158,158,72,86,0,307,304,287,18,3,85,80,5,9,
13.001,Rohre,D145CC3E-3828-487D-8C94-C2CDC23BF922,Acrylnitril-Butadien-Styrol (ABS),91.155,"Entsorgung, Kunststoff-Rohre, ABS",1’050,kg,9’780,6’790,2’980,30,30,21,9,1,0,0,0,0,0,30,29,21,9,1,7.67,4.92,2.75,0,
13.005,Rohre,BF5ADE50-BDAD-419B-B7E5-9A3F7F6938A3,Gusseisen,91.143,"Entsorgung, Stahl",7’850,kg,5’670,5’660,11,5.8,6,6,0,0,0.3,0,0,0,0,5.5,5,5,0,0,2.1,2.09,0.01,0,
13.002,Rohre,0DB3712B-3B7E-44BB-B56C-A49DDED3D465,Polyethylen (PE),91.174,"Entsorgung, Kunststoffrohre, PE oder PP",960,kg,6’020,3’570,2’450,23.8,24,12,12,0,0.5,1,1,0,0,23.2,23,11,12,0,4.75,2.38,2.37,0,
13.003,Rohre,92B2EFB8-9F95-47EC-963D-114CBE430246,Polypropylen (PP),91.174,"Entsorgung, Kunststoffrohre, PE oder PP",910,kg,6’050,3’600,2’450,23.2,23,11,12,0,0.4,0,0,0,0,22.7,23,11,12,0,4.78,2.4,2.37,0,
13.004,Rohre,5A6449C2-62A0-4A42-BF6D-F1E33F5F9480,Polyvinylchlorid (PVC),91.156,"Entsorgung, Kunststoff-Rohre, PVC",1’390,kg,6’250,3’880,2’370,20.2,19,13,6,1,0.6,1,1,0,0,19.5,18,12,6,1,4.49,2.38,2.1,0,
14.002,"Anstrichstoffe, Beschichtungen",07DD2F56-133A-4FBF-A39B-1D374248EB2A,"Anstrich, lösemittelverdünnbar, 2 Anstriche",91.023,"Entsorgung, Farbe, 2 Schichten",0.3,m2,2’270,2’200,71,7,7,6,1,0,0.5,0,0,0,0,6.6,7,6,1,0,0.976,0.92,0.056,0,
14.001,"Anstrichstoffe, Beschichtungen",10ACA0B7-B75D-4F51-A3AB-976B923ACA8A,"Anstrich, wasserverdünnbar, 2 Anstriche",91.023,"Entsorgung, Farbe, 2 Schichten",0.3,m2,1’220,1’150,71,4.3,4,3,1,0,0.1,0,0,0,0,4.2,4,3,1,0,0.702,0.646,0.056,0,
14.003,"Anstrichstoffe, Beschichtungen",1165EF5A-E1A2-4C0D-9307-622DEE107999,"Bitumenemulsion, 1 Anstrich",91.157,"Entsorgung, Farbe, 1 Schicht",0.25,m2,429,370,59,1.87,2,1,1,0,0.02,0,0,0,0,1.9,2,1,1,0,0.181,0.135,0.047,0,
14.004,"Anstrichstoffe, Beschichtungen",F45B12F5-FF80-528A-2C76-A6DABD38F684,"Emaillieren, Metall",,keine,,m2,16’400,16’400,0,47,47,47,0,0,4,4,4,0,0,44,44,44,0,0,8.12,8.12,0,0,
14.005,"Anstrichstoffe, Beschichtungen",68569EAE-A2FA-E096-D678-497AB362BCCF,"Pulverbeschichten, Aluminium",,keine,,m2,6’270,6’270,0,17.1,17,17,0,0,0.6,1,1,0,0,16.6,17,17,0,0,3.65,3.65,0,0,
14.006,"Anstrichstoffe, Beschichtungen",E9266136-2E91-997B-5E48-CA88AB77279C,"Pulverbeschichten, Stahl",,keine,,m2,6’760,6’760,0,21.8,22,22,0,0,0.7,1,1,0,0,21.1,21,21,0,0,4.39,4.39,0,0,
14.007,"Anstrichstoffe, Beschichtungen",3FDD883B-8EDA-4735-987C-5D7CF46F1004,"Verchromen, Stahl",,keine,,m2,6’320,6’320,0,5.3,5,5,0,0,0.9,1,1,0,0,4.5,4,4,0,0,0.612,0.612,0,0,
14.008,"Anstrichstoffe, Beschichtungen",AAF77F9A-FE78-41CD-BAD5-16DAA6238CC2,"Verzinken, Stahl",,keine,,m2,29’500,29’500,0,28,28,28,0,0,3,3,3,0,0,25.6,26,26,0,0,6.1,6.1,0,0,
15.001,Kunststoffe,78087965-417E-4763-B8B5-4A7910943363,"Plexiglas (PMMA, Acrylglas)",91.158,"Entsorgung, Kunststoffe aus reinen Kohlenwasserstoffen",1’180,kg,14’800,11’700,3’090,41,40,33,8,0,0,0,0,0,0,40,40,32,8,0,11.6,8.68,2.92,0,
15.002,Kunststoffe,A5671823-5D7E-A4B1-2A9F-C32E6CA3BCB9,Polyamid (PA) glasfaserverstärkt,91.159,"Entsorgung, Kunststoffe, stickstoffhaltig",1’360,kg,15’200,12’300,2’920,41,41,37,4,1,1,1,1,0,0,40,40,36,4,1,11.5,8.89,2.62,0,
15.003,Kunststoffe,464C8985-D30C-40EC-8B26-7E107BCF7F1A,Polycarbonat (PC),91.158,"Entsorgung, Kunststoffe aus reinen Kohlenwasserstoffen",1’200,kg,15’900,12’800,3’090,32,32,26,6,0,0,0,0,0,0,32,32,26,6,0,11.4,8.49,2.92,0,
15.004,Kunststoffe,993A7227-F17D-4BFA-8B37-C62C13DC42F5,Polyester (UP) glasfaserverstärkt,91.158,"Entsorgung, Kunststoffe aus reinen Kohlenwasserstoffen",1’500,kg,13’800,10’700,3’090,32.8,33,29,4,0,1.5,1,1,0,0,31.4,31,27,4,0,9.85,6.93,2.92,0,
15.005,Kunststoffe,CBDADEEB-3B93-32E4-6504-08EF289B6D9B,Polystyrol (PS),91.16,"Entsorgung, Polystyrol",1’050,kg,8’170,4’880,3’290,25,25,14,11,0,0,0,0,0,0,24.6,24,14,11,0,6.73,3.64,3.08,0,
21.001,Kücheneinbauten und -möbel,3C36CA50-3B4E-44CA-8240-EB4B75A84B68,Abfalltrennsystem,91.123,"Entsorgung, Abfalltrennsystem",,Stk.,35’300,26’600,8’770,130,129,126,4,1,17,17,17,0,0,113,112,109,4,1,24.2,16.1,8.13,0,
21.002,Kücheneinbauten und -möbel,FC7C4727-B6B9-45A9-9AB9-53EE5C039FB2,"Arbeitsplatte Chromstahl, high-end",91.161,"Entsorgung, Arbeitsplatte Chromstahl, High-End",,m2,838’000,837’000,715,1710,1710,1710,0,2,450,450,450,0,0,1260,1260,1260,0,2,333,333,0.45,0,
21.003,Kücheneinbauten und -möbel,59550658-97D9-44D0-A19E-69C1434953F0,"Arbeitsplatte Chromstahl, Standard",91.124,"Entsorgung, Arbeitsplatte Chromstahl, Standard",,m2,137’000,136’000,1’430,313,312,258,54,2,89,89,45,44,0,225,223,213,11,1,56.9,55.9,1.05,5,
21.004,Kücheneinbauten und -möbel,BA8B90B0-9DF2-4B24-9C2E-2771662E958F,Arbeitsplatte Kompositwerkstoff (auf Aluminiumhydroxidbasis),91.125,"Entsorgung, Arbeitsplatte Kompositwerkstoff (auf Aluminiumhydroxidbasis)",,m2,137’000,116’000,20’800,361,356,303,53,5,6,6,6,0,0,355,350,297,53,5,95.6,76.3,19.3,0,
21.005,Kücheneinbauten und -möbel,77DCCEBD-760E-4534-9BF9-975E037EB3A0,Arbeitsplatte kunstharzbeschichtet,91.126,"Entsorgung, Arbeitsplatte kunstharzbeschichtet",,m2,34’300,32’800,1’550,250,249,124,125,1,148,148,49,99,0,102,101,75,26,1,20.2,19,1.2,12,
21.006,Kücheneinbauten und -möbel,FF8F7027-E9C1-4AD4-9E47-7DDB0F44CCEE,Arbeitsplatte Massivholz,91.127,"Entsorgung, Arbeitsplatte Massivholz",,m2,27’600,26’100,1’490,396,394,256,138,2,335,335,206,129,0,61,59,50,9,2,12.6,11.7,0.92,6,
21.007,Kücheneinbauten und -möbel,F6E3D922-9AB9-43AF-8913-DAEEA4FBE722,Arbeitsplatte Naturstein,91.136,"Entsorgung, Baumaterialien, mineralisch, unspezifisch",,m2,159’000,155’000,3’530,428,423,423,0,5,72,71,71,0,0,356,352,352,0,4,41.3,40.3,1.06,0,
21.008,Kücheneinbauten und -möbel,84ED90B6-CBDF-4F8D-845B-272346268676,Dampfabzug,91.129,"Entsorgung, Dampfabzug",,Stk.,357’000,339’000,17’700,668,666,666,0,1,69,69,69,0,0,598,597,597,0,1,151,134,17.1,0,
21.009,Kücheneinbauten und -möbel,179EF39A-FF60-4845-9534-8D73EF207C47,"Küche, Massivholz, 16-teilig",91.13,"Entsorgung, Küche, Massivholz, 16-teilig",,Stk.,1’010’000,944’000,62’800,7020,6980,4950,2030,41,5040,5040,3140,1900,2,1980,1940,1810,129,38,471,419,51.4,160,
21.01,Kücheneinbauten und -möbel,6927B923-0CE9-404D-B3A9-98914ED31E83,"Küche, Metall, 16-teilig",91.131,"Entsorgung, Küche, Metall, 16-teilig",,Stk.,6’620’000,6’560’000,54’300,10900,10900,10900,67,5,683,683,615,67,0,10300,10300,10300,0,5,2770,2720,51,3,
21.011,Kücheneinbauten und -möbel,FADC1641-F855-4888-B0BB-42B23153ED97,"Küche, Spanplatte, 16-teilig",91.132,"Entsorgung, Küche, Spanplatte, 16-teilig",,Stk.,1’200’000,1’110’000,91’300,5400,5340,2880,2460,60,2530,2520,599,1930,3,2870,2820,2280,531,56,633,558,74.9,223,
21.012,Kücheneinbauten und -möbel,12ADE34B-2318-4E01-89C0-4A690DF416D3,Spüle Chromstahl,91.133,"Entsorgung, Spüle Chromstahl",,Stk.,110’000,105’000,5’340,254,254,254,0,1,41,41,41,0,0,214,213,213,0,1,48.6,43.7,4.93,0,
21.013,Kücheneinbauten und -möbel,77603615-1C21-4F15-A9A7-3194EA13EEE8,Spüle Kompositwerkstoff (auf Gesteinsmehlbasis),91.134,"Entsorgung, Spüle Kompositwerkstoff (auf Gesteinsmehlbasis)",,Stk.,46’700,46’100,598,160,160,143,17,1,16,16,16,0,0,144,143,126,17,1,30.7,30.6,0.18,0,